{
  "uuid": "1278f02f-b073-42aa-9d3c-45e3c1997f05",
  "timestamp": "2023-10-07T18:17:05Z",
  "zipFileName": "NEON_temp-air-single",
  "mimeType": "application/zip",
  "productCode": "DP1.00002.001",
  "productName": "Single aspirated air temperature",
  "siteCodes": [
    "RMNP"
  ],
  "startDate": "2023-08-01T00:00:00Z",
  "endDate": "2023-09-30T23:59:59Z",
  "packageType": "basic",
  "documents": [
    {
      "fileName": "NEON.DOC.011081vD.pdf",
      "downloadFileName": null,
      "type": "application/pdf",
      "fileSizeBytes": 488215,
      "description": "NEON Algorithm Theoretical Basis Document (ATBD) –  QA/QC Plausibility Testing",
      "uri": "https://data.neonscience.org/api/v0/documents/NEON.DOC.011081vD"
    },
    {
      "fileName": "NEON.DOC.001113vC.pdf",
      "downloadFileName": null,
      "type": "application/pdf",
      "fileSizeBytes": 1178860,
      "description": "NEON Algorithm Theoretical Basis Document (ATBD) –Quality Flags and Quality Metrics for TIS Data Products",
      "uri": "https://data.neonscience.org/api/v0/documents/NEON.DOC.001113vC"
    },
    {
      "fileName": "NEON.DOC.000302vD.pdf",
      "downloadFileName": null,
      "type": "application/pdf",
      "fileSizeBytes": 319183,
      "description": "NEON Sensor Command, Control, and Configuration (C3) Document: Single Aspirated Air Temperature",
      "uri": "https://data.neonscience.org/api/v0/documents/NEON.DOC.000302vD"
    },
    {
      "fileName": "NEON.DOC.000783vB.pdf",
      "downloadFileName": null,
      "type": "application/pdf",
      "fileSizeBytes": 383792,
      "description": "NEON Algorithm Theoretical Basis Document (ATBD) – Time Series Automatic Despiking for TIS Level 1 Data Products – QA/QC",
      "uri": "https://data.neonscience.org/api/v0/documents/NEON.DOC.000783vB"
    },
    {
      "fileName": "NEON.DOC.000646vD.pdf",
      "downloadFileName": null,
      "type": "application/pdf",
      "fileSizeBytes": 524669,
      "description": "NEON Algorithm Theoretical Basis Document (ATBD) – Single Aspirated Air Temperature",
      "uri": "https://data.neonscience.org/api/v0/documents/NEON.DOC.000646vD"
    },
    {
      "fileName": "NEON.DOC.004757vB.pdf",
      "downloadFileName": null,
      "type": "application/pdf",
      "fileSizeBytes": 2690911,
      "description": "NEON Preventive Maintenance Procedure: AIS & TIS Thermometrics Platinum Resistance Thermometer (PRT)",
      "uri": "https://data.neonscience.org/api/v0/documents/NEON.DOC.004757vB"
    },
    {
      "fileName": "NEON.QSG.DP1.00002.001v1.pdf",
      "downloadFileName": null,
      "type": "application/pdf",
      "fileSizeBytes": 181415,
      "description": "Quick Start Guide for Single aspirated air temperature (DP1.00002.001)",
      "uri": "https://data.neonscience.org/api/v0/documents/quick-start-guides/NEON.QSG.DP1.00002.001v1.pdf"
    }
  ],
  "releases": [
    {
      "release": "PROVISIONAL",
      "generationDate": null,
      "packages": [
        {
          "release": "PROVISIONAL",
          "productCode": "DP1.00002.001",
          "domainCode": "D10",
          "siteCode": "RMNP",
          "month": "2023-08",
          "packageType": "basic",
          "generationDate": "2023-09-13T22:56:27Z",
          "files": [
            {
              "fileName": "NEON.D10.RMNP.DP1.00002.001.000.040.030.SAAT_30min.2023-08.basic.20230913T225627Z.csv",
              "downloadFileName": null,
              "uri": "https://data.neonscience.org/api/v0/data/DP1.00002.001/RMNP/2023-08/NEON.D10.RMNP.DP1.00002.001.000.040.030.SAAT_30min.2023-08.basic.20230913T225627Z.csv",
              "fileSizeBytes": 152305,
              "checksum": "3b8bf9ea54b9f7966444e817c11abb0b",
              "checksumAlgorithm": "MD5"
            },
            {
              "fileName": "NEON.D10.RMNP.DP1.00002.001.000.020.030.SAAT_30min.2023-08.basic.20230913T225627Z.csv",
              "downloadFileName": null,
              "uri": "https://data.neonscience.org/api/v0/data/DP1.00002.001/RMNP/2023-08/NEON.D10.RMNP.DP1.00002.001.000.020.030.SAAT_30min.2023-08.basic.20230913T225627Z.csv",
              "fileSizeBytes": 151756,
              "checksum": "7999068df9974572857579e8887f1567",
              "checksumAlgorithm": "MD5"
            },
            {
              "fileName": "NEON.D10.RMNP.DP1.00002.001.variables.20230913T225627Z.csv",
              "downloadFileName": null,
              "uri": "https://data.neonscience.org/api/v0/data/DP1.00002.001/RMNP/2023-08/NEON.D10.RMNP.DP1.00002.001.variables.20230913T225627Z.csv",
              "fileSizeBytes": 18664,
              "checksum": "301b2d0e12e8db05258d0780110a593a",
              "checksumAlgorithm": "MD5"
            },
            {
              "fileName": "NEON.D10.RMNP.DP1.00002.001.000.020.001.SAAT_1min.2023-08.basic.20230913T225627Z.csv",
              "downloadFileName": null,
              "uri": "https://data.neonscience.org/api/v0/data/DP1.00002.001/RMNP/2023-08/NEON.D10.RMNP.DP1.00002.001.000.020.001.SAAT_1min.2023-08.basic.20230913T225627Z.csv",
              "fileSizeBytes": 4457511,
              "checksum": "f073586eaa6e3ca6851ca73aedc74213",
              "checksumAlgorithm": "MD5"
            },
            {
              "fileName": "NEON.D10.RMNP.DP1.00002.001.000.010.001.SAAT_1min.2023-08.basic.20230913T225627Z.csv",
              "downloadFileName": null,
              "uri": "https://data.neonscience.org/api/v0/data/DP1.00002.001/RMNP/2023-08/NEON.D10.RMNP.DP1.00002.001.000.010.001.SAAT_1min.2023-08.basic.20230913T225627Z.csv",
              "fileSizeBytes": 4450093,
              "checksum": "60248698d7afeb7d34e7562349e9ea33",
              "checksumAlgorithm": "MD5"
            },
            {
              "fileName": "NEON.D10.RMNP.DP1.00002.001.sensor_positions.20230913T225627Z.csv",
              "downloadFileName": null,
              "uri": "https://data.neonscience.org/api/v0/data/DP1.00002.001/RMNP/2023-08/NEON.D10.RMNP.DP1.00002.001.sensor_positions.20230913T225627Z.csv",
              "fileSizeBytes": 1354,
              "checksum": "5ecbcdbc243cffbd9a113c23d04bd3a1",
              "checksumAlgorithm": "MD5"
            },
            {
              "fileName": "NEON.D10.RMNP.DP1.00002.001.000.030.030.SAAT_30min.2023-08.basic.20230913T225627Z.csv",
              "downloadFileName": null,
              "uri": "https://data.neonscience.org/api/v0/data/DP1.00002.001/RMNP/2023-08/NEON.D10.RMNP.DP1.00002.001.000.030.030.SAAT_30min.2023-08.basic.20230913T225627Z.csv",
              "fileSizeBytes": 151918,
              "checksum": "d4ac9d74064d5bb9f87357d7f1462676",
              "checksumAlgorithm": "MD5"
            },
            {
              "fileName": "NEON.D10.RMNP.DP1.00002.001.readme.20230913T225627Z.txt",
              "downloadFileName": null,
              "uri": "https://data.neonscience.org/api/v0/data/DP1.00002.001/RMNP/2023-08/NEON.D10.RMNP.DP1.00002.001.readme.20230913T225627Z.txt",
              "fileSizeBytes": 15585,
              "checksum": "2861b00cf1d203f9b8f90e5bd5d42902",
              "checksumAlgorithm": "MD5"
            },
            {
              "fileName": "NEON.D10.RMNP.DP1.00002.001.000.040.001.SAAT_1min.2023-08.basic.20230913T225627Z.csv",
              "downloadFileName": null,
              "uri": "https://data.neonscience.org/api/v0/data/DP1.00002.001/RMNP/2023-08/NEON.D10.RMNP.DP1.00002.001.000.040.001.SAAT_1min.2023-08.basic.20230913T225627Z.csv",
              "fileSizeBytes": 4475168,
              "checksum": "c75ca39eb233aad2b6f5126487edd5dc",
              "checksumAlgorithm": "MD5"
            },
            {
              "fileName": "NEON.D10.RMNP.DP1.00002.001.000.010.030.SAAT_30min.2023-08.basic.20230913T225627Z.csv",
              "downloadFileName": null,
              "uri": "https://data.neonscience.org/api/v0/data/DP1.00002.001/RMNP/2023-08/NEON.D10.RMNP.DP1.00002.001.000.010.030.SAAT_30min.2023-08.basic.20230913T225627Z.csv",
              "fileSizeBytes": 151525,
              "checksum": "cc9bd4966f0a6e713e73e76ce1fd10eb",
              "checksumAlgorithm": "MD5"
            },
            {
              "fileName": "NEON.D10.RMNP.DP1.00002.001.EML.20230801-20230901.20230913T225627Z.xml",
              "downloadFileName": null,
              "uri": "https://data.neonscience.org/api/v0/data/DP1.00002.001/RMNP/2023-08/NEON.D10.RMNP.DP1.00002.001.EML.20230801-20230901.20230913T225627Z.xml",
              "fileSizeBytes": 85435,
              "checksum": "5613bfb06d9d33a48b0febce0f1da602",
              "checksumAlgorithm": "MD5"
            },
            {
              "fileName": "NEON.D10.RMNP.DP1.00002.001.000.030.001.SAAT_1min.2023-08.basic.20230913T225627Z.csv",
              "downloadFileName": null,
              "uri": "https://data.neonscience.org/api/v0/data/DP1.00002.001/RMNP/2023-08/NEON.D10.RMNP.DP1.00002.001.000.030.001.SAAT_1min.2023-08.basic.20230913T225627Z.csv",
              "fileSizeBytes": 4462737,
              "checksum": "320f16a9f225abff42f49b7af72cd8f8",
              "checksumAlgorithm": "MD5"
            }
          ]
        },
        {
          "release": "PROVISIONAL",
          "productCode": "DP1.00002.001",
          "domainCode": "D10",
          "siteCode": "RMNP",
          "month": "2023-09",
          "packageType": "basic",
          "generationDate": "2023-10-02T21:34:48Z",
          "files": [
            {
              "fileName": "NEON.D10.RMNP.DP1.00002.001.000.030.030.SAAT_30min.2023-09.basic.20231002T213448Z.csv",
              "downloadFileName": null,
              "uri": "https://data.neonscience.org/api/v0/data/DP1.00002.001/RMNP/2023-09/NEON.D10.RMNP.DP1.00002.001.000.030.030.SAAT_30min.2023-09.basic.20231002T213448Z.csv",
              "fileSizeBytes": 146570,
              "checksum": "b04a7924037a17abaca73e6fe28091ea",
              "checksumAlgorithm": "MD5"
            },
            {
              "fileName": "NEON.D10.RMNP.DP1.00002.001.000.030.001.SAAT_1min.2023-09.basic.20231002T213448Z.csv",
              "downloadFileName": null,
              "uri": "https://data.neonscience.org/api/v0/data/DP1.00002.001/RMNP/2023-09/NEON.D10.RMNP.DP1.00002.001.000.030.001.SAAT_1min.2023-09.basic.20231002T213448Z.csv",
              "fileSizeBytes": 4302339,
              "checksum": "f45831e35a50b71b78aeeefbbd1159c4",
              "checksumAlgorithm": "MD5"
            },
            {
              "fileName": "NEON.D10.RMNP.DP1.00002.001.000.020.030.SAAT_30min.2023-09.basic.20231002T213448Z.csv",
              "downloadFileName": null,
              "uri": "https://data.neonscience.org/api/v0/data/DP1.00002.001/RMNP/2023-09/NEON.D10.RMNP.DP1.00002.001.000.020.030.SAAT_30min.2023-09.basic.20231002T213448Z.csv",
              "fileSizeBytes": 146332,
              "checksum": "e436af100839737a9609e041896eab30",
              "checksumAlgorithm": "MD5"
            },
            {
              "fileName": "NEON.D10.RMNP.DP1.00002.001.000.020.001.SAAT_1min.2023-09.basic.20231002T213448Z.csv",
              "downloadFileName": null,
              "uri": "https://data.neonscience.org/api/v0/data/DP1.00002.001/RMNP/2023-09/NEON.D10.RMNP.DP1.00002.001.000.020.001.SAAT_1min.2023-09.basic.20231002T213448Z.csv",
              "fileSizeBytes": 4295100,
              "checksum": "81da606c6eb12138be2062d514777b70",
              "checksumAlgorithm": "MD5"
            },
            {
              "fileName": "NEON.D10.RMNP.DP1.00002.001.EML.20230901-20231001.20231002T213448Z.xml",
              "downloadFileName": null,
              "uri": "https://data.neonscience.org/api/v0/data/DP1.00002.001/RMNP/2023-09/NEON.D10.RMNP.DP1.00002.001.EML.20230901-20231001.20231002T213448Z.xml",
              "fileSizeBytes": 85435,
              "checksum": "c591c220d98c08a3bfac7e2c005786db",
              "checksumAlgorithm": "MD5"
            },
            {
              "fileName": "NEON.D10.RMNP.DP1.00002.001.000.040.030.SAAT_30min.2023-09.basic.20231002T213448Z.csv",
              "downloadFileName": null,
              "uri": "https://data.neonscience.org/api/v0/data/DP1.00002.001/RMNP/2023-09/NEON.D10.RMNP.DP1.00002.001.000.040.030.SAAT_30min.2023-09.basic.20231002T213448Z.csv",
              "fileSizeBytes": 146743,
              "checksum": "59e1c68464fa041671fc99b3196c66d7",
              "checksumAlgorithm": "MD5"
            },
            {
              "fileName": "NEON.D10.RMNP.DP1.00002.001.sensor_positions.20231002T213448Z.csv",
              "downloadFileName": null,
              "uri": "https://data.neonscience.org/api/v0/data/DP1.00002.001/RMNP/2023-09/NEON.D10.RMNP.DP1.00002.001.sensor_positions.20231002T213448Z.csv",
              "fileSizeBytes": 1354,
              "checksum": "5ecbcdbc243cffbd9a113c23d04bd3a1",
              "checksumAlgorithm": "MD5"
            },
            {
              "fileName": "NEON.D10.RMNP.DP1.00002.001.000.040.001.SAAT_1min.2023-09.basic.20231002T213448Z.csv",
              "downloadFileName": null,
              "uri": "https://data.neonscience.org/api/v0/data/DP1.00002.001/RMNP/2023-09/NEON.D10.RMNP.DP1.00002.001.000.040.001.SAAT_1min.2023-09.basic.20231002T213448Z.csv",
              "fileSizeBytes": 4307429,
              "checksum": "36d633e9e133920c074cbb7395be64d8",
              "checksumAlgorithm": "MD5"
            },
            {
              "fileName": "NEON.D10.RMNP.DP1.00002.001.readme.20231002T213448Z.txt",
              "downloadFileName": null,
              "uri": "https://data.neonscience.org/api/v0/data/DP1.00002.001/RMNP/2023-09/NEON.D10.RMNP.DP1.00002.001.readme.20231002T213448Z.txt",
              "fileSizeBytes": 15585,
              "checksum": "23f0277188e553347e2e190c8837f58b",
              "checksumAlgorithm": "MD5"
            },
            {
              "fileName": "NEON.D10.RMNP.DP1.00002.001.variables.20231002T213448Z.csv",
              "downloadFileName": null,
              "uri": "https://data.neonscience.org/api/v0/data/DP1.00002.001/RMNP/2023-09/NEON.D10.RMNP.DP1.00002.001.variables.20231002T213448Z.csv",
              "fileSizeBytes": 18664,
              "checksum": "301b2d0e12e8db05258d0780110a593a",
              "checksumAlgorithm": "MD5"
            },
            {
              "fileName": "NEON.D10.RMNP.DP1.00002.001.000.010.001.SAAT_1min.2023-09.basic.20231002T213448Z.csv",
              "downloadFileName": null,
              "uri": "https://data.neonscience.org/api/v0/data/DP1.00002.001/RMNP/2023-09/NEON.D10.RMNP.DP1.00002.001.000.010.001.SAAT_1min.2023-09.basic.20231002T213448Z.csv",
              "fileSizeBytes": 4292266,
              "checksum": "61379a8227296c6ada5bf015ce317901",
              "checksumAlgorithm": "MD5"
            },
            {
              "fileName": "NEON.D10.RMNP.DP1.00002.001.000.010.030.SAAT_30min.2023-09.basic.20231002T213448Z.csv",
              "downloadFileName": null,
              "uri": "https://data.neonscience.org/api/v0/data/DP1.00002.001/RMNP/2023-09/NEON.D10.RMNP.DP1.00002.001.000.010.030.SAAT_30min.2023-09.basic.20231002T213448Z.csv",
              "fileSizeBytes": 146231,
              "checksum": "7a706bee13a6d8e0a12ab0d5e37165cb",
              "checksumAlgorithm": "MD5"
            }
          ]
        }
      ]
    }
  ]
}