{
  "uuid": "85fe1587-5178-4e35-926f-33b9ad6861cc",
  "timestamp": "2023-10-07T18:12:48Z",
  "zipFileName": "NEON_pressure-air",
  "mimeType": "application/zip",
  "productCode": "DP1.00004.001",
  "productName": "Barometric pressure",
  "siteCodes": [
    "RMNP"
  ],
  "startDate": "2023-08-01T00:00:00Z",
  "endDate": "2023-09-30T23:59:59Z",
  "packageType": "basic",
  "documents": [
    {
      "fileName": "NEON.DOC.001459vC.pdf",
      "downloadFileName": null,
      "type": "application/pdf",
      "fileSizeBytes": 3897869,
      "description": "NEON Preventive Maintenance Procedure: Barometric Pressure Sensor",
      "uri": "https://data.neonscience.org/api/v0/documents/NEON.DOC.001459vC"
    },
    {
      "fileName": "NEON.DOC.011081vD.pdf",
      "downloadFileName": null,
      "type": "application/pdf",
      "fileSizeBytes": 488215,
      "description": "NEON Algorithm Theoretical Basis Document (ATBD) –  QA/QC Plausibility Testing",
      "uri": "https://data.neonscience.org/api/v0/documents/NEON.DOC.011081vD"
    },
    {
      "fileName": "NEON.DOC.001113vC.pdf",
      "downloadFileName": null,
      "type": "application/pdf",
      "fileSizeBytes": 1178860,
      "description": "NEON Algorithm Theoretical Basis Document (ATBD) –Quality Flags and Quality Metrics for TIS Data Products",
      "uri": "https://data.neonscience.org/api/v0/documents/NEON.DOC.001113vC"
    },
    {
      "fileName": "NEON.DOC.000230vB.pdf",
      "downloadFileName": null,
      "type": "application/pdf",
      "fileSizeBytes": 396433,
      "description": "NEON Sensor Command, Control and Configuration (C3) Document: Barometric Pressure",
      "uri": "https://data.neonscience.org/api/v0/documents/NEON.DOC.000230vB"
    },
    {
      "fileName": "NEON.DOC.000783vB.pdf",
      "downloadFileName": null,
      "type": "application/pdf",
      "fileSizeBytes": 383792,
      "description": "NEON Algorithm Theoretical Basis Document (ATBD) – Time Series Automatic Despiking for TIS Level 1 Data Products – QA/QC",
      "uri": "https://data.neonscience.org/api/v0/documents/NEON.DOC.000783vB"
    },
    {
      "fileName": "NEON.DOC.000653vD.pdf",
      "downloadFileName": null,
      "type": "application/pdf",
      "fileSizeBytes": 636691,
      "description": "NEON Algorithm Theoretical Basis Document (ATBD) – Barometric Pressure",
      "uri": "https://data.neonscience.org/api/v0/documents/NEON.DOC.000653vD"
    },
    {
      "fileName": "NEON.QSG.DP1.00004.001v1.pdf",
      "downloadFileName": null,
      "type": "application/pdf",
      "fileSizeBytes": 183884,
      "description": "Quick Start Guide for Barometric pressure (DP1.00004.001)",
      "uri": "https://data.neonscience.org/api/v0/documents/quick-start-guides/NEON.QSG.DP1.00004.001v1.pdf"
    }
  ],
  "releases": [
    {
      "release": "PROVISIONAL",
      "generationDate": null,
      "packages": [
        {
          "release": "PROVISIONAL",
          "productCode": "DP1.00004.001",
          "domainCode": "D10",
          "siteCode": "RMNP",
          "month": "2023-08",
          "packageType": "basic",
          "generationDate": "2023-09-27T20:24:03Z",
          "files": [
            {
              "fileName": "NEON.D10.RMNP.DP1.00004.001.000.015.001.BP_1min.2023-08.basic.20230927T202403Z.csv",
              "downloadFileName": null,
              "uri": "https://data.neonscience.org/api/v0/data/DP1.00004.001/RMNP/2023-08/NEON.D10.RMNP.DP1.00004.001.000.015.001.BP_1min.2023-08.basic.20230927T202403Z.csv",
              "fileSizeBytes": 5586850,
              "checksum": "7db417fac9096e46f63a41df6089ed7f",
              "checksumAlgorithm": "MD5"
            },
            {
              "fileName": "NEON.D10.RMNP.DP1.00004.001.000.015.030.BP_30min.2023-08.basic.20230927T202403Z.csv",
              "downloadFileName": null,
              "uri": "https://data.neonscience.org/api/v0/data/DP1.00004.001/RMNP/2023-08/NEON.D10.RMNP.DP1.00004.001.000.015.030.BP_30min.2023-08.basic.20230927T202403Z.csv",
              "fileSizeBytes": 190237,
              "checksum": "cba0efa9c9712dd50cd092c797d23c5f",
              "checksumAlgorithm": "MD5"
            },
            {
              "fileName": "NEON.D10.RMNP.DP1.00004.001.variables.20230927T202403Z.csv",
              "downloadFileName": null,
              "uri": "https://data.neonscience.org/api/v0/data/DP1.00004.001/RMNP/2023-08/NEON.D10.RMNP.DP1.00004.001.variables.20230927T202403Z.csv",
              "fileSizeBytes": 20214,
              "checksum": "b0ac16a5b235e14fd636c318650882e3",
              "checksumAlgorithm": "MD5"
            },
            {
              "fileName": "NEON.D10.RMNP.DP1.00004.001.sensor_positions.20230927T202403Z.csv",
              "downloadFileName": null,
              "uri": "https://data.neonscience.org/api/v0/data/DP1.00004.001/RMNP/2023-08/NEON.D10.RMNP.DP1.00004.001.sensor_positions.20230927T202403Z.csv",
              "fileSizeBytes": 602,
              "checksum": "dbb26f9bc3c80e7b4c46845ecdace7b0",
              "checksumAlgorithm": "MD5"
            },
            {
              "fileName": "NEON.D10.RMNP.DP1.00004.001.readme.20230927T202403Z.txt",
              "downloadFileName": null,
              "uri": "https://data.neonscience.org/api/v0/data/DP1.00004.001/RMNP/2023-08/NEON.D10.RMNP.DP1.00004.001.readme.20230927T202403Z.txt",
              "fileSizeBytes": 14849,
              "checksum": "62a5067146e14582be37ae55331d75a7",
              "checksumAlgorithm": "MD5"
            },
            {
              "fileName": "NEON.D10.RMNP.DP1.00004.001.EML.20230801-20230901.20230927T202403Z.xml",
              "downloadFileName": null,
              "uri": "https://data.neonscience.org/api/v0/data/DP1.00004.001/RMNP/2023-08/NEON.D10.RMNP.DP1.00004.001.EML.20230801-20230901.20230927T202403Z.xml",
              "fileSizeBytes": 46360,
              "checksum": "e502e904152d2e1054a2c75376c819cd",
              "checksumAlgorithm": "MD5"
            }
          ]
        },
        {
          "release": "PROVISIONAL",
          "productCode": "DP1.00004.001",
          "domainCode": "D10",
          "siteCode": "RMNP",
          "month": "2023-09",
          "packageType": "basic",
          "generationDate": "2023-10-02T18:55:49Z",
          "files": [
            {
              "fileName": "NEON.D10.RMNP.DP1.00004.001.000.015.030.BP_30min.2023-09.basic.20231002T185549Z.csv",
              "downloadFileName": null,
              "uri": "https://data.neonscience.org/api/v0/data/DP1.00004.001/RMNP/2023-09/NEON.D10.RMNP.DP1.00004.001.000.015.030.BP_30min.2023-09.basic.20231002T185549Z.csv",
              "fileSizeBytes": 183670,
              "checksum": "f727d2446f3b45690a8312138bf19763",
              "checksumAlgorithm": "MD5"
            },
            {
              "fileName": "NEON.D10.RMNP.DP1.00004.001.EML.20230901-20231001.20231002T185549Z.xml",
              "downloadFileName": null,
              "uri": "https://data.neonscience.org/api/v0/data/DP1.00004.001/RMNP/2023-09/NEON.D10.RMNP.DP1.00004.001.EML.20230901-20231001.20231002T185549Z.xml",
              "fileSizeBytes": 46360,
              "checksum": "884faf3d269789e95d13a68ee7b3b2a4",
              "checksumAlgorithm": "MD5"
            },
            {
              "fileName": "NEON.D10.RMNP.DP1.00004.001.variables.20231002T185549Z.csv",
              "downloadFileName": null,
              "uri": "https://data.neonscience.org/api/v0/data/DP1.00004.001/RMNP/2023-09/NEON.D10.RMNP.DP1.00004.001.variables.20231002T185549Z.csv",
              "fileSizeBytes": 20214,
              "checksum": "b0ac16a5b235e14fd636c318650882e3",
              "checksumAlgorithm": "MD5"
            },
            {
              "fileName": "NEON.D10.RMNP.DP1.00004.001.sensor_positions.20231002T185549Z.csv",
              "downloadFileName": null,
              "uri": "https://data.neonscience.org/api/v0/data/DP1.00004.001/RMNP/2023-09/NEON.D10.RMNP.DP1.00004.001.sensor_positions.20231002T185549Z.csv",
              "fileSizeBytes": 602,
              "checksum": "dbb26f9bc3c80e7b4c46845ecdace7b0",
              "checksumAlgorithm": "MD5"
            },
            {
              "fileName": "NEON.D10.RMNP.DP1.00004.001.000.015.001.BP_1min.2023-09.basic.20231002T185549Z.csv",
              "downloadFileName": null,
              "uri": "https://data.neonscience.org/api/v0/data/DP1.00004.001/RMNP/2023-09/NEON.D10.RMNP.DP1.00004.001.000.015.001.BP_1min.2023-09.basic.20231002T185549Z.csv",
              "fileSizeBytes": 5377817,
              "checksum": "8e522a1ba24fe20331e671236856eaf9",
              "checksumAlgorithm": "MD5"
            },
            {
              "fileName": "NEON.D10.RMNP.DP1.00004.001.readme.20231002T185549Z.txt",
              "downloadFileName": null,
              "uri": "https://data.neonscience.org/api/v0/data/DP1.00004.001/RMNP/2023-09/NEON.D10.RMNP.DP1.00004.001.readme.20231002T185549Z.txt",
              "fileSizeBytes": 14849,
              "checksum": "30320e56f3cde109f21fa126914aa0fd",
              "checksumAlgorithm": "MD5"
            }
          ]
        }
      ]
    }
  ]
}