{
  "uuid": "d8203b97-1ba5-4a17-90ce-99149bcdeab5",
  "timestamp": "2023-10-07T18:15:13Z",
  "zipFileName": "NEON_rel-humidity",
  "mimeType": "application/zip",
  "productCode": "DP1.00098.001",
  "productName": "Relative humidity",
  "siteCodes": [
    "RMNP"
  ],
  "startDate": "2023-08-01T00:00:00Z",
  "endDate": "2023-09-30T23:59:59Z",
  "packageType": "basic",
  "documents": [
    {
      "fileName": "NEON.DOC.000851vD.pdf",
      "downloadFileName": null,
      "type": "application/pdf",
      "fileSizeBytes": 620708,
      "description": "NEON Algorithm Theoretical Basis Document (ATBD) – Humidity and Temperature Sensor",
      "uri": "https://data.neonscience.org/api/v0/documents/NEON.DOC.000851vD"
    },
    {
      "fileName": "NEON.DOC.011081vD.pdf",
      "downloadFileName": null,
      "type": "application/pdf",
      "fileSizeBytes": 488215,
      "description": "NEON Algorithm Theoretical Basis Document (ATBD) –  QA/QC Plausibility Testing",
      "uri": "https://data.neonscience.org/api/v0/documents/NEON.DOC.011081vD"
    },
    {
      "fileName": "NEON.DOC.001113vC.pdf",
      "downloadFileName": null,
      "type": "application/pdf",
      "fileSizeBytes": 1178860,
      "description": "NEON Algorithm Theoretical Basis Document (ATBD) –Quality Flags and Quality Metrics for TIS Data Products",
      "uri": "https://data.neonscience.org/api/v0/documents/NEON.DOC.001113vC"
    },
    {
      "fileName": "NEON.DOC.000783vB.pdf",
      "downloadFileName": null,
      "type": "application/pdf",
      "fileSizeBytes": 383792,
      "description": "NEON Algorithm Theoretical Basis Document (ATBD) – Time Series Automatic Despiking for TIS Level 1 Data Products – QA/QC",
      "uri": "https://data.neonscience.org/api/v0/documents/NEON.DOC.000783vB"
    },
    {
      "fileName": "NEON.DOC.004934vC.pdf",
      "downloadFileName": null,
      "type": "application/pdf",
      "fileSizeBytes": 4846241,
      "description": "NEON Preventive Maintenance Procedure: Humidity and Temperature Sensor",
      "uri": "https://data.neonscience.org/api/v0/documents/NEON.DOC.004934vC"
    },
    {
      "fileName": "NEON.DOC.000850vC.pdf",
      "downloadFileName": null,
      "type": "application/pdf",
      "fileSizeBytes": 317926,
      "description": "NEON Sensor Comannd, Control and Configuration (C3) Document: Humidity and Temperature Sensor",
      "uri": "https://data.neonscience.org/api/v0/documents/NEON.DOC.000850vC"
    },
    {
      "fileName": "NEON.QSG.DP1.00098.001v1.pdf",
      "downloadFileName": null,
      "type": "application/pdf",
      "fileSizeBytes": 186632,
      "description": "Quick Start Guide for Relative humidity (DP1.00098.001)",
      "uri": "https://data.neonscience.org/api/v0/documents/quick-start-guides/NEON.QSG.DP1.00098.001v1.pdf"
    }
  ],
  "releases": [
    {
      "release": "PROVISIONAL",
      "generationDate": null,
      "packages": [
        {
          "release": "PROVISIONAL",
          "productCode": "DP1.00098.001",
          "domainCode": "D10",
          "siteCode": "RMNP",
          "month": "2023-08",
          "packageType": "basic",
          "generationDate": "2023-09-27T19:20:08Z",
          "files": [
            {
              "fileName": "NEON.D10.RMNP.DP1.00098.001.003.000.001.RH_1min.2023-08.basic.20230927T192008Z.csv",
              "downloadFileName": null,
              "uri": "https://data.neonscience.org/api/v0/data/DP1.00098.001/RMNP/2023-08/NEON.D10.RMNP.DP1.00098.001.003.000.001.RH_1min.2023-08.basic.20230927T192008Z.csv",
              "fileSizeBytes": 7468802,
              "checksum": "c5dd82b0127f0ccae95bd71e4afeff5c",
              "checksumAlgorithm": "MD5"
            },
            {
              "fileName": "NEON.D10.RMNP.DP1.00098.001.000.050.001.RH_1min.2023-08.basic.20230927T192008Z.csv",
              "downloadFileName": null,
              "uri": "https://data.neonscience.org/api/v0/data/DP1.00098.001/RMNP/2023-08/NEON.D10.RMNP.DP1.00098.001.000.050.001.RH_1min.2023-08.basic.20230927T192008Z.csv",
              "fileSizeBytes": 7519270,
              "checksum": "ba462e10f9936e1b9d62873ea9d8a50a",
              "checksumAlgorithm": "MD5"
            },
            {
              "fileName": "NEON.D10.RMNP.DP1.00098.001.EML.20230801-20230901.20230927T192008Z.xml",
              "downloadFileName": null,
              "uri": "https://data.neonscience.org/api/v0/data/DP1.00098.001/RMNP/2023-08/NEON.D10.RMNP.DP1.00098.001.EML.20230801-20230901.20230927T192008Z.xml",
              "fileSizeBytes": 103596,
              "checksum": "a1895e0612539889f3fa418b8cf9dde9",
              "checksumAlgorithm": "MD5"
            },
            {
              "fileName": "NEON.D10.RMNP.DP1.00098.001.000.050.030.RH_30min.2023-08.basic.20230927T192008Z.csv",
              "downloadFileName": null,
              "uri": "https://data.neonscience.org/api/v0/data/DP1.00098.001/RMNP/2023-08/NEON.D10.RMNP.DP1.00098.001.000.050.030.RH_30min.2023-08.basic.20230927T192008Z.csv",
              "fileSizeBytes": 255826,
              "checksum": "524db27293de7770d5c639bc68dfbc28",
              "checksumAlgorithm": "MD5"
            },
            {
              "fileName": "NEON.D10.RMNP.DP1.00098.001.variables.20230927T192008Z.csv",
              "downloadFileName": null,
              "uri": "https://data.neonscience.org/api/v0/data/DP1.00098.001/RMNP/2023-08/NEON.D10.RMNP.DP1.00098.001.variables.20230927T192008Z.csv",
              "fileSizeBytes": 40006,
              "checksum": "a81e64e7d23f616fa452d2830bcec6e5",
              "checksumAlgorithm": "MD5"
            },
            {
              "fileName": "NEON.D10.RMNP.DP1.00098.001.sensor_positions.20230927T192008Z.csv",
              "downloadFileName": null,
              "uri": "https://data.neonscience.org/api/v0/data/DP1.00098.001/RMNP/2023-08/NEON.D10.RMNP.DP1.00098.001.sensor_positions.20230927T192008Z.csv",
              "fileSizeBytes": 848,
              "checksum": "e6472ce242e83fdc12af4e4a65d7612a",
              "checksumAlgorithm": "MD5"
            },
            {
              "fileName": "NEON.D10.RMNP.DP1.00098.001.readme.20230927T192008Z.txt",
              "downloadFileName": null,
              "uri": "https://data.neonscience.org/api/v0/data/DP1.00098.001/RMNP/2023-08/NEON.D10.RMNP.DP1.00098.001.readme.20230927T192008Z.txt",
              "fileSizeBytes": 14084,
              "checksum": "6a1d90614d5306fff8a17908a6e5c2c2",
              "checksumAlgorithm": "MD5"
            },
            {
              "fileName": "NEON.D10.RMNP.DP1.00098.001.003.000.030.RH_30min.2023-08.basic.20230927T192008Z.csv",
              "downloadFileName": null,
              "uri": "https://data.neonscience.org/api/v0/data/DP1.00098.001/RMNP/2023-08/NEON.D10.RMNP.DP1.00098.001.003.000.030.RH_30min.2023-08.basic.20230927T192008Z.csv",
              "fileSizeBytes": 254150,
              "checksum": "f14b190ac416eb734a1f0b4950e40799",
              "checksumAlgorithm": "MD5"
            }
          ]
        },
        {
          "release": "PROVISIONAL",
          "productCode": "DP1.00098.001",
          "domainCode": "D10",
          "siteCode": "RMNP",
          "month": "2023-09",
          "packageType": "basic",
          "generationDate": "2023-10-02T18:49:34Z",
          "files": [
            {
              "fileName": "NEON.D10.RMNP.DP1.00098.001.variables.20231002T184934Z.csv",
              "downloadFileName": null,
              "uri": "https://data.neonscience.org/api/v0/data/DP1.00098.001/RMNP/2023-09/NEON.D10.RMNP.DP1.00098.001.variables.20231002T184934Z.csv",
              "fileSizeBytes": 40006,
              "checksum": "a81e64e7d23f616fa452d2830bcec6e5",
              "checksumAlgorithm": "MD5"
            },
            {
              "fileName": "NEON.D10.RMNP.DP1.00098.001.003.000.030.RH_30min.2023-09.basic.20231002T184934Z.csv",
              "downloadFileName": null,
              "uri": "https://data.neonscience.org/api/v0/data/DP1.00098.001/RMNP/2023-09/NEON.D10.RMNP.DP1.00098.001.003.000.030.RH_30min.2023-09.basic.20231002T184934Z.csv",
              "fileSizeBytes": 247904,
              "checksum": "80284c579c072d211266a6f3063db69b",
              "checksumAlgorithm": "MD5"
            },
            {
              "fileName": "NEON.D10.RMNP.DP1.00098.001.sensor_positions.20231002T184934Z.csv",
              "downloadFileName": null,
              "uri": "https://data.neonscience.org/api/v0/data/DP1.00098.001/RMNP/2023-09/NEON.D10.RMNP.DP1.00098.001.sensor_positions.20231002T184934Z.csv",
              "fileSizeBytes": 848,
              "checksum": "e6472ce242e83fdc12af4e4a65d7612a",
              "checksumAlgorithm": "MD5"
            },
            {
              "fileName": "NEON.D10.RMNP.DP1.00098.001.readme.20231002T184934Z.txt",
              "downloadFileName": null,
              "uri": "https://data.neonscience.org/api/v0/data/DP1.00098.001/RMNP/2023-09/NEON.D10.RMNP.DP1.00098.001.readme.20231002T184934Z.txt",
              "fileSizeBytes": 14084,
              "checksum": "9f55c1ff1cbe1f5386cf4154d4d718d2",
              "checksumAlgorithm": "MD5"
            },
            {
              "fileName": "NEON.D10.RMNP.DP1.00098.001.003.000.001.RH_1min.2023-09.basic.20231002T184934Z.csv",
              "downloadFileName": null,
              "uri": "https://data.neonscience.org/api/v0/data/DP1.00098.001/RMNP/2023-09/NEON.D10.RMNP.DP1.00098.001.003.000.001.RH_1min.2023-09.basic.20231002T184934Z.csv",
              "fileSizeBytes": 7279142,
              "checksum": "c11df501471b2df51141f72c4abbcfdd",
              "checksumAlgorithm": "MD5"
            },
            {
              "fileName": "NEON.D10.RMNP.DP1.00098.001.000.050.030.RH_30min.2023-09.basic.20231002T184934Z.csv",
              "downloadFileName": null,
              "uri": "https://data.neonscience.org/api/v0/data/DP1.00098.001/RMNP/2023-09/NEON.D10.RMNP.DP1.00098.001.000.050.030.RH_30min.2023-09.basic.20231002T184934Z.csv",
              "fileSizeBytes": 249333,
              "checksum": "62f2ae445896c4280a8b6529e5e183c4",
              "checksumAlgorithm": "MD5"
            },
            {
              "fileName": "NEON.D10.RMNP.DP1.00098.001.000.050.001.RH_1min.2023-09.basic.20231002T184934Z.csv",
              "downloadFileName": null,
              "uri": "https://data.neonscience.org/api/v0/data/DP1.00098.001/RMNP/2023-09/NEON.D10.RMNP.DP1.00098.001.000.050.001.RH_1min.2023-09.basic.20231002T184934Z.csv",
              "fileSizeBytes": 7329657,
              "checksum": "bf04c0714acf7879ec61690af4c1130a",
              "checksumAlgorithm": "MD5"
            },
            {
              "fileName": "NEON.D10.RMNP.DP1.00098.001.EML.20230901-20231001.20231002T184934Z.xml",
              "downloadFileName": null,
              "uri": "https://data.neonscience.org/api/v0/data/DP1.00098.001/RMNP/2023-09/NEON.D10.RMNP.DP1.00098.001.EML.20230901-20231001.20231002T184934Z.xml",
              "fileSizeBytes": 103596,
              "checksum": "e11d7355caf8750dc706617ecaf74e40",
              "checksumAlgorithm": "MD5"
            }
          ]
        }
      ]
    }
  ]
}