table,fieldName,description,dataType,units,downloadPkg,pubFormat
SAAT_1min,startDateTime,"Date and time at which a sampling is initiated",dateTime,NA,basic,"yyyy-MM-dd'T'HH:mm:ss'Z'(floor)"
SAAT_1min,endDateTime,"Date and time at which a sampling is completed",dateTime,NA,basic,"yyyy-MM-dd'T'HH:mm:ss'Z'(floor)"
SAAT_1min,tempSingleMean,"Arithmetic mean of single aspirated air temperature",real,celsius,basic,"*.####(round)"
SAAT_1min,tempSingleMinimum,"Minimum single aspirated air temperature",real,celsius,basic,"*.####(round)"
SAAT_1min,tempSingleMaximum,"Maximum single aspirated air temperature",real,celsius,basic,"*.####(round)"
SAAT_1min,tempSingleVariance,"Variance in single aspirated air temperature",real,celsiusSquared,basic,"*.####(round)"
SAAT_1min,tempSingleNumPts,"Number of points used to calculate the arithmetic mean of single aspirated air temperature",real,number,basic,"*.####(round)"
SAAT_1min,tempSingleExpUncert,"Expanded uncertainty for single aspirated air temperature",real,celsius,basic,"*.####(round)"
SAAT_1min,tempSingleStdErMean,"Standard error of the mean for single aspirated air temperature",real,celsius,basic,"*.####(round)"
SAAT_1min,rangeFailQM,"Quality metric that summarizes the failed outcomes of the range test over the averaging period, as a percent",real,percent,expanded,"*.####(round)"
SAAT_1min,rangePassQM,"Quality metric that summarizes the passed outcomes of the range test over the averaging period, as a percent",real,percent,expanded,"*.####(round)"
SAAT_1min,rangeNAQM,"Quality metric that summarizes when the range test could not be run over the averaging period, as a percent",real,percent,expanded,"*.####(round)"
SAAT_1min,persistenceFailQM,"Quality metric that summarizes  the failed outcomes of the persistence test over the averaging period, as a percent",real,percent,expanded,"*.####(round)"
SAAT_1min,persistencePassQM,"Quality metric that summarizes the passed outcomes of the persistence test over the averaging period, as a percent",real,percent,expanded,"*.####(round)"
SAAT_1min,persistenceNAQM,"Quality metric that summarizes when the persistence test could not be run over the averaging period, as a percent",real,percent,expanded,"*.####(round)"
SAAT_1min,stepFailQM,"Quality metric that summarizes the failed outcomes of the step test over the averaging period, as a percent",real,percent,expanded,"*.####(round)"
SAAT_1min,stepPassQM,"Quality metric that summarizes the passed outcomes of the step test over the averaging period, as a percent",real,percent,expanded,"*.####(round)"
SAAT_1min,stepNAQM,"Quality metric that summarizes when the step test could not be run over the averaging period, as a percent",real,percent,expanded,"*.####(round)"
SAAT_1min,nullFailQM,"Quality metric that summarizes the failed outcomes of the null test over the averaging period, as a percent",real,percent,expanded,"*.####(round)"
SAAT_1min,nullPassQM,"Quality metric that summarizes the passed outcomes of the null test over the averaging period, as a percent",real,percent,expanded,"*.####(round)"
SAAT_1min,nullNAQM,"Quality metric that summarizes when the null test could not be run over the averaging period, as a percent",real,percent,expanded,"*.####(round)"
SAAT_1min,gapFailQM,"Quality metric that summarizes the failed outcomes of the gap test over the averaging period, as a percent",real,percent,expanded,"*.####(round)"
SAAT_1min,gapPassQM,"Quality metric that summarizes the passed outcomes of the gap test over the averaging period, as a percent",real,percent,expanded,"*.####(round)"
SAAT_1min,gapNAQM,"Quality metric that summarizes when the gap test could not be run over the averaging period, as a percent",real,percent,expanded,"*.####(round)"
SAAT_1min,spikeFailQM,"Quality metric that summarizes the failed outcomes of the spike test over the averaging period, as a percent",real,percent,expanded,"*.####(round)"
SAAT_1min,spikePassQM,"Quality metric that summarizes the passed outcomes of the spike test over the averaging period, as a percent",real,percent,expanded,"*.####(round)"
SAAT_1min,spikeNAQM,"Quality metric that summarizes when the spike test could not be run over the averaging period, as a percent",real,percent,expanded,"*.####(round)"
SAAT_1min,flowFailQM,"Quality metric that summarizes the failed outcomes of the flow rate test over the averaging period, as a percent",real,percent,expanded,"*.####(round)"
SAAT_1min,flowPassQM,"Quality metric that summarizes the passed outcomes of the flow rate test over the averaging period, as a percent",real,percent,expanded,"*.####(round)"
SAAT_1min,flowNAQM,"Quality metric that summarizes when the flow rate test could not be run over the averaging period, as a percent",real,percent,expanded,"*.####(round)"
SAAT_1min,heaterFailQM,"Quality metric that summarizes when the heater was on over the averaging period, as a percent",real,percent,expanded,"*.####(round)"
SAAT_1min,heaterPassQM,"Quality metric that summarizes when the heater was off over the averaging period, as a percent",real,percent,expanded,"*.####(round)"
SAAT_1min,heaterNAQM,"Quality metric that summarizes when the heater status was unknown over the averaging period, as a percent",real,percent,expanded,"*.####(round)"
SAAT_1min,validCalFailQM,"Quality metric that summarizes the failed outcomes of the valid calibration check over the averaging period, as a percent",real,percent,expanded,"*.####(round)"
SAAT_1min,validCalPassQM,"Quality metric that summarizes the passed outcomes of the valid calibration check over the averaging period, as a percent",real,percent,expanded,"*.####(round)"
SAAT_1min,validCalNAQM,"Quality metric that summarizes when the valid calibration check could not be run over the averaging period, as a percent",real,percent,expanded,"*.####(round)"
SAAT_1min,alphaQM,"Quality metric detailing the outcomes of the alpha quality flag over the averaging period, as a percent and detailed in NEON.DOC.001113",real,percent,expanded,"*.####(round)"
SAAT_1min,betaQM,"Quality metric detailing the outcomes of the beta quality flag over the averaging period, as a percent and detailed in NEON.DOC.001113",real,percent,expanded,"*.####(round)"
SAAT_1min,finalQF,"Quality flag indicating whether a data product has passed or failed an overall assessment of its quality, detailed in NEON.DOC.001113 (1=fail, 0=pass)",unsigned integer,NA,basic,"integer"
SAAT_1min,finalQFSciRvw,"Quality flag indicating whether a data product has failed a science review of its quality, detailed in NEON.DOC.001113 (2=fail and data redacted, 1=fail but data retained and may be useful with additional corrections or filtering, 0=previous quality concern resolved and final quality flag correctly reflects data quality, Empty=pass/not reviewed)",unsigned integer,NA,expanded,"integer"
SAAT_30min,startDateTime,"Date and time at which a sampling is initiated",dateTime,NA,basic,"yyyy-MM-dd'T'HH:mm:ss'Z'(floor)"
SAAT_30min,endDateTime,"Date and time at which a sampling is completed",dateTime,NA,basic,"yyyy-MM-dd'T'HH:mm:ss'Z'(floor)"
SAAT_30min,tempSingleMean,"Arithmetic mean of single aspirated air temperature",real,celsius,basic,"*.####(round)"
SAAT_30min,tempSingleMinimum,"Minimum single aspirated air temperature",real,celsius,basic,"*.####(round)"
SAAT_30min,tempSingleMaximum,"Maximum single aspirated air temperature",real,celsius,basic,"*.####(round)"
SAAT_30min,tempSingleVariance,"Variance in single aspirated air temperature",real,celsiusSquared,basic,"*.####(round)"
SAAT_30min,tempSingleNumPts,"Number of points used to calculate the arithmetic mean of single aspirated air temperature",real,number,basic,"*.####(round)"
SAAT_30min,tempSingleExpUncert,"Expanded uncertainty for single aspirated air temperature",real,celsius,basic,"*.####(round)"
SAAT_30min,tempSingleStdErMean,"Standard error of the mean for single aspirated air temperature",real,celsius,basic,"*.####(round)"
SAAT_30min,rangeFailQM,"Quality metric that summarizes the failed outcomes of the range test over the averaging period, as a percent",real,percent,expanded,"*.####(round)"
SAAT_30min,rangePassQM,"Quality metric that summarizes the passed outcomes of the range test over the averaging period, as a percent",real,percent,expanded,"*.####(round)"
SAAT_30min,rangeNAQM,"Quality metric that summarizes when the range test could not be run over the averaging period, as a percent",real,percent,expanded,"*.####(round)"
SAAT_30min,persistenceFailQM,"Quality metric that summarizes  the failed outcomes of the persistence test over the averaging period, as a percent",real,percent,expanded,"*.####(round)"
SAAT_30min,persistencePassQM,"Quality metric that summarizes the passed outcomes of the persistence test over the averaging period, as a percent",real,percent,expanded,"*.####(round)"
SAAT_30min,persistenceNAQM,"Quality metric that summarizes when the persistence test could not be run over the averaging period, as a percent",real,percent,expanded,"*.####(round)"
SAAT_30min,stepFailQM,"Quality metric that summarizes the failed outcomes of the step test over the averaging period, as a percent",real,percent,expanded,"*.####(round)"
SAAT_30min,stepPassQM,"Quality metric that summarizes the passed outcomes of the step test over the averaging period, as a percent",real,percent,expanded,"*.####(round)"
SAAT_30min,stepNAQM,"Quality metric that summarizes when the step test could not be run over the averaging period, as a percent",real,percent,expanded,"*.####(round)"
SAAT_30min,nullFailQM,"Quality metric that summarizes the failed outcomes of the null test over the averaging period, as a percent",real,percent,expanded,"*.####(round)"
SAAT_30min,nullPassQM,"Quality metric that summarizes the passed outcomes of the null test over the averaging period, as a percent",real,percent,expanded,"*.####(round)"
SAAT_30min,nullNAQM,"Quality metric that summarizes when the null test could not be run over the averaging period, as a percent",real,percent,expanded,"*.####(round)"
SAAT_30min,gapFailQM,"Quality metric that summarizes the failed outcomes of the gap test over the averaging period, as a percent",real,percent,expanded,"*.####(round)"
SAAT_30min,gapPassQM,"Quality metric that summarizes the passed outcomes of the gap test over the averaging period, as a percent",real,percent,expanded,"*.####(round)"
SAAT_30min,gapNAQM,"Quality metric that summarizes when the gap test could not be run over the averaging period, as a percent",real,percent,expanded,"*.####(round)"
SAAT_30min,spikeFailQM,"Quality metric that summarizes the failed outcomes of the spike test over the averaging period, as a percent",real,percent,expanded,"*.####(round)"
SAAT_30min,spikePassQM,"Quality metric that summarizes the passed outcomes of the spike test over the averaging period, as a percent",real,percent,expanded,"*.####(round)"
SAAT_30min,spikeNAQM,"Quality metric that summarizes when the spike test could not be run over the averaging period, as a percent",real,percent,expanded,"*.####(round)"
SAAT_30min,flowFailQM,"Quality metric that summarizes the failed outcomes of the flow rate test over the averaging period, as a percent",real,percent,expanded,"*.####(round)"
SAAT_30min,flowPassQM,"Quality metric that summarizes the passed outcomes of the flow rate test over the averaging period, as a percent",real,percent,expanded,"*.####(round)"
SAAT_30min,flowNAQM,"Quality metric that summarizes when the flow rate test could not be run over the averaging period, as a percent",real,percent,expanded,"*.####(round)"
SAAT_30min,heaterFailQM,"Quality metric that summarizes when the heater was on over the averaging period, as a percent",real,percent,expanded,"*.####(round)"
SAAT_30min,heaterPassQM,"Quality metric that summarizes when the heater was off over the averaging period, as a percent",real,percent,expanded,"*.####(round)"
SAAT_30min,heaterNAQM,"Quality metric that summarizes when the heater status was unknown over the averaging period, as a percent",real,percent,expanded,"*.####(round)"
SAAT_30min,validCalFailQM,"Quality metric that summarizes the failed outcomes of the valid calibration check over the averaging period, as a percent",real,percent,expanded,"*.####(round)"
SAAT_30min,validCalPassQM,"Quality metric that summarizes the passed outcomes of the valid calibration check over the averaging period, as a percent",real,percent,expanded,"*.####(round)"
SAAT_30min,validCalNAQM,"Quality metric that summarizes when the valid calibration check could not be run over the averaging period, as a percent",real,percent,expanded,"*.####(round)"
SAAT_30min,alphaQM,"Quality metric detailing the outcomes of the alpha quality flag over the averaging period, as a percent and detailed in NEON.DOC.001113",real,percent,expanded,"*.####(round)"
SAAT_30min,betaQM,"Quality metric detailing the outcomes of the beta quality flag over the averaging period, as a percent and detailed in NEON.DOC.001113",real,percent,expanded,"*.####(round)"
SAAT_30min,finalQF,"Quality flag indicating whether a data product has passed or failed an overall assessment of its quality, detailed in NEON.DOC.001113 (1=fail, 0=pass)",unsigned integer,NA,basic,"integer"
SAAT_30min,finalQFSciRvw,"Quality flag indicating whether a data product has failed a science review of its quality, detailed in NEON.DOC.001113 (2=fail and data redacted, 1=fail but data retained and may be useful with additional corrections or filtering, 0=previous quality concern resolved and final quality flag correctly reflects data quality, Empty=pass/not reviewed)",unsigned integer,NA,expanded,"integer"
sensor_positions,HOR.VER,"The combined value of the horizontal and vertical location indices specified in each data file name. The HOR index is a three-character alphanumeric code for the measurement locations within one horizontal plane. For example, if one surface measurement were made at each of five soil array plots, the number in the HOR field would range from 001-005. The VER index is a three-character alphanumeric code for the measurement locations within one vertical plane. For example, if one temperature measurement is made at each vertical level of a tower with 8 levels, the number in the VER field would range from 010-080.",string,NA,basic,"asIs"
sensor_positions,sensorLocationID,"The unique identifier for the location used by NEON for where the sensor was installed.",string,NA,basic,"asIs"
sensor_positions,sensorLocationDescription,"The description of the location where the sensor was installed.",string,NA,basic,"asIs"
sensor_positions,positionStartDateTime,"The start date and time in UTC for the position information supplied for the location. If the position or orientation of the location changed over time, additional rows will supply the full history.",dateTime,NA,basic,"yyyy-MM-dd'T'HH:mm:ss'Z'(floor)"
sensor_positions,positionEndDateTime,"The end date and time in UTC for the position information supplied for the location. A blank value indicates that the position information was still valid for the location at the time of publishing.",dateTime,NA,basic,"yyyy-MM-dd'T'HH:mm:ss'Z'(floor)"
sensor_positions,referenceLocationID,"The unique identifier for the reference location from which the xOffset, yOffset, and zOffset distances are measured.",string,NA,basic,"asIs"
sensor_positions,referenceLocationIDDescription,"The description of the reference location.",string,NA,basic,"asIs"
sensor_positions,referenceLocationIDStartDateTime,"The start date and time in UTC for the position information supplied for the reference location. If the position of the reference location changed over time, additional rows will supply the full history.",dateTime,NA,basic,"yyyy-MM-dd'T'HH:mm:ss'Z'(floor)"
sensor_positions,referenceLocationIDEndDateTime,"The end date and time in UTC for the position information supplied for the reference location.",dateTime,NA,basic,"yyyy-MM-dd'T'HH:mm:ss'Z'(floor)"
sensor_positions,xOffset,"The offset along the x-axis of the local coordinate frame, in meters, from the reference location to the location where the sensor was installed.",real,meter,basic,"*.##(round)"
sensor_positions,yOffset,"The offset along the y-axis of the local coordinate frame, in meters, from the reference location to the location where the sensor was installed.",real,meter,basic,"*.##(round)"
sensor_positions,zOffset,"The offset along the z-axis of the local coordinate frame, in meters, from the reference location to the location where the sensor was installed. The z-axis is always aligned with up, positive values indicating heights above the reference location.",real,meter,basic,"*.##(round)"
sensor_positions,pitch,"The elevation angle, in degrees, in the vertical plane at which the sensor is oriented relative to the horizontal plane. Some sensors differ from this convention. See the product detail page for any exceptions.",real,degrees,basic,"*.##(round)"
sensor_positions,roll,"The roll angle at which the sensor is oriented, in degrees, about the longitudinal axis of the sensor",real,degrees,basic,"*.##(round)"
sensor_positions,azimuth,"The azimuth or yaw angle, in degrees, at which the sensor is facing relative to true north. Some sensors differ from this convention. See the product detail page for any exceptions.",real,degrees,basic,"*.##(round)"
sensor_positions,locationReferenceLatitude,"The geographic latitude, in degrees, of the reference location.",real,degrees,basic,"*.######(round)"
sensor_positions,locationReferenceLongitude,"The geographic longitude, in degrees, of the reference location.",real,degrees,basic,"*.######(round)"
sensor_positions,locationReferenceElevation,"The elevation, in meters, above mean sea level.",real,meter,basic,"*.##(round)"
sensor_positions,eastOffset,"The offset along the cardinal east direction, in meters, from the reference location to the location where the sensor was installed.",real,meter,basic,"*.##(round)"
sensor_positions,northOffset,"The offset along the cardinal north (true) direction, in meters, from the reference location to the location where the sensor was installed.",real,meter,basic,"*.##(round)"
sensor_positions,xAzimuth,"The azimuth, in degrees, of the local x-axis with respect to true north, used to convert the distance offset measured along the local x-axis (xOffset) to the offset along the cardinal east direction (eastOffset).",real,degrees,basic,"*.##(round)"
sensor_positions,yAzimuth,"The azimuth, in degrees, of the local y-axis with respect to true north, used to convert the distance offset measured along the local y-axis (yOffset) to the offset along the cardinal north direction (northOffset).",real,degrees,basic,"*.##(round)"
