HOR.VER,sensorLocationID,sensorLocationDescription,positionStartDateTime,positionEndDateTime,referenceLocationID,referenceLocationIDDescription,referenceLocationIDStartDateTime,referenceLocationIDEndDateTime,xOffset,yOffset,zOffset,pitch,roll,azimuth,locationReferenceLatitude,locationReferenceLongitude,locationReferenceElevation,eastOffset,northOffset,xAzimuth,yAzimuth
"000.050",CFGLOC100682,"Rocky Mountain Secondary Precipitation","2010-01-01T00:00:00Z",,TOWER100645,"Rocky Mountain Tower","2010-01-01T00:00:00Z",,-1.11,-1.11,25.45,0.00,0.00,0.00,40.275903,-105.545955,2741.57,1.54,0.33,303.00,213.00
"001.000",CFGLOC107709,"Rocky Mountain Soil Throughfall SP1","2010-01-01T00:00:00Z",,SOILPL100642,"Rocky Mountain Soil Plot, SP1","2010-01-01T00:00:00Z",,0.83,4.10,0.44,0.00,0.00,0.00,40.275968,-105.545612,2738.42,-3.89,1.53,10.00,280.00
"002.000",CFGLOC107732,"Rocky Mountain Soil Throughfall SP2","2010-01-01T00:00:00Z",,SOILPL107731,"Rocky Mountain Soil Plot, SP2","2010-01-01T00:00:00Z",,1.27,4.22,0.44,0.00,0.00,0.00,40.276323,-105.545529,2738.41,-3.94,1.98,10.00,280.00
"003.000",CFGLOC107759,"Rocky Mountain Soil Throughfall SP3","2010-01-01T00:00:00Z",,SOILPL100643,"Rocky Mountain Soil Plot, SP3","2010-01-01T00:00:00Z",,1.00,4.03,0.44,0.00,0.00,0.00,40.276443,-105.545063,2735.90,-3.80,1.68,10.00,280.00
"005.000",CFGLOC107811,"Rocky Mountain Soil Throughfall SP5","2010-01-01T00:00:00Z",,SOILPL100644,"Rocky Mountain Soil Plot, SP5","2010-01-01T00:00:00Z",,1.09,4.28,0.44,0.00,0.00,0.00,40.275752,-105.545163,2732.50,-4.03,1.82,10.00,280.00
