{
  "uuid": "d795a565-595b-4d92-9a4c-500c02dbab21",
  "timestamp": "2023-10-07T18:13:57Z",
  "zipFileName": "NEON_precipitation",
  "mimeType": "application/zip",
  "productCode": "DP1.00006.001",
  "productName": "Precipitation",
  "siteCodes": [
    "RMNP"
  ],
  "startDate": "2023-08-01T00:00:00Z",
  "endDate": "2023-09-30T23:59:59Z",
  "packageType": "basic",
  "documents": [
    {
      "fileName": "NEON.DOC.000816vC.pdf",
      "downloadFileName": null,
      "type": "application/pdf",
      "fileSizeBytes": 782264,
      "description": "NEON Algorithm Theoretical Basis Document (ATBD): Secondary Precipitation and Throughfall (Tipping Bucket)",
      "uri": "https://data.neonscience.org/api/v0/documents/NEON.DOC.000816vC"
    },
    {
      "fileName": "NEON.DOC.000783vB.pdf",
      "downloadFileName": null,
      "type": "application/pdf",
      "fileSizeBytes": 383792,
      "description": "NEON Algorithm Theoretical Basis Document (ATBD) – Time Series Automatic Despiking for TIS Level 1 Data Products – QA/QC",
      "uri": "https://data.neonscience.org/api/v0/documents/NEON.DOC.000783vB"
    },
    {
      "fileName": "NEON.DOC.011081vD.pdf",
      "downloadFileName": null,
      "type": "application/pdf",
      "fileSizeBytes": 488215,
      "description": "NEON Algorithm Theoretical Basis Document (ATBD) –  QA/QC Plausibility Testing",
      "uri": "https://data.neonscience.org/api/v0/documents/NEON.DOC.011081vD"
    },
    {
      "fileName": "NEON.DOC.000898vB.pdf",
      "downloadFileName": null,
      "type": "application/pdf",
      "fileSizeBytes": 510642,
      "description": "NEON Algorithm Theoretical Basis Document (ATBD) – Primary Precipitation (DFIR)",
      "uri": "https://data.neonscience.org/api/v0/documents/NEON.DOC.000898vB"
    },
    {
      "fileName": "NEON.DOC.000897vC.pdf",
      "downloadFileName": null,
      "type": "application/pdf",
      "fileSizeBytes": 422851,
      "description": "NEON Sensor Command, Control and Configuration (C3) Document: Primary Precipitation",
      "uri": "https://data.neonscience.org/api/v0/documents/NEON.DOC.000897vC"
    },
    {
      "fileName": "NEON.DOC.001300vC.pdf",
      "downloadFileName": null,
      "type": "application/pdf",
      "fileSizeBytes": 259138,
      "description": "NEON Sensor Command, Control and Configuration (C3) Document: Soil Throughfall",
      "uri": "https://data.neonscience.org/api/v0/documents/NEON.DOC.001300vC"
    },
    {
      "fileName": "NEON.DOC.001113vC.pdf",
      "downloadFileName": null,
      "type": "application/pdf",
      "fileSizeBytes": 1178860,
      "description": "NEON Algorithm Theoretical Basis Document (ATBD) –Quality Flags and Quality Metrics for TIS Data Products",
      "uri": "https://data.neonscience.org/api/v0/documents/NEON.DOC.001113vC"
    },
    {
      "fileName": "NEON.DOC.000367vB.pdf",
      "downloadFileName": null,
      "type": "application/pdf",
      "fileSizeBytes": 226298,
      "description": "NEON Sensor Command, Control and Configuration (C3) Document: Secondary Precipitation – Tipping Bucket",
      "uri": "https://data.neonscience.org/api/v0/documents/NEON.DOC.000367vB"
    },
    {
      "fileName": "NEON.DOC.003342vB.pdf",
      "downloadFileName": null,
      "type": "application/pdf",
      "fileSizeBytes": 7971276,
      "description": "NEON Preventive Maintenance Procedure: Primary Precipitation Gauge and Double Fence Intercomparison Reference (DFIR)",
      "uri": "https://data.neonscience.org/api/v0/documents/NEON.DOC.003342vB"
    },
    {
      "fileName": "NEON.DOC.004849vB.pdf",
      "downloadFileName": null,
      "type": "application/pdf",
      "fileSizeBytes": 2327670,
      "description": "NEON Preventive Maintenance Procedure: TIS & AIS Secondary Precipitation Gauge",
      "uri": "https://data.neonscience.org/api/v0/documents/NEON.DOC.004849vB"
    },
    {
      "fileName": "NEON.DOC.003656vE.pdf",
      "downloadFileName": null,
      "type": "application/pdf",
      "fileSizeBytes": 3377934,
      "description": "NEON Preventive Maintenance Procedure: Soil Throughfall Collector",
      "uri": "https://data.neonscience.org/api/v0/documents/NEON.DOC.003656vE"
    },
    {
      "fileName": "NEON.QSG.DP1.00006.001v1.pdf",
      "downloadFileName": null,
      "type": "application/pdf",
      "fileSizeBytes": 222295,
      "description": "Quick Start Guide for Precipitation (DP1.00006.001)",
      "uri": "https://data.neonscience.org/api/v0/documents/quick-start-guides/NEON.QSG.DP1.00006.001v1.pdf"
    }
  ],
  "releases": [
    {
      "release": "PROVISIONAL",
      "generationDate": null,
      "packages": [
        {
          "release": "PROVISIONAL",
          "productCode": "DP1.00006.001",
          "domainCode": "D10",
          "siteCode": "RMNP",
          "month": "2023-08",
          "packageType": "basic",
          "generationDate": "2023-09-13T22:45:19Z",
          "files": [
            {
              "fileName": "NEON.D10.RMNP.DP1.00006.001.003.000.001.THRPRE_1min.2023-08.basic.20230913T224519Z.csv",
              "downloadFileName": null,
              "uri": "https://data.neonscience.org/api/v0/data/DP1.00006.001/RMNP/2023-08/NEON.D10.RMNP.DP1.00006.001.003.000.001.THRPRE_1min.2023-08.basic.20230913T224519Z.csv",
              "fileSizeBytes": 2723130,
              "checksum": "7ff5e7fe55a8705d8952a2084ad8640c",
              "checksumAlgorithm": "MD5"
            },
            {
              "fileName": "NEON.D10.RMNP.DP1.00006.001.002.000.030.THRPRE_30min.2023-08.basic.20230913T224519Z.csv",
              "downloadFileName": null,
              "uri": "https://data.neonscience.org/api/v0/data/DP1.00006.001/RMNP/2023-08/NEON.D10.RMNP.DP1.00006.001.002.000.030.THRPRE_30min.2023-08.basic.20230913T224519Z.csv",
              "fileSizeBytes": 90858,
              "checksum": "680e500758fdef7031d43a2059cda356",
              "checksumAlgorithm": "MD5"
            },
            {
              "fileName": "NEON.D10.RMNP.DP1.00006.001.variables.20230913T224519Z.csv",
              "downloadFileName": null,
              "uri": "https://data.neonscience.org/api/v0/data/DP1.00006.001/RMNP/2023-08/NEON.D10.RMNP.DP1.00006.001.variables.20230913T224519Z.csv",
              "fileSizeBytes": 21483,
              "checksum": "65b7e45aef824152589fc0ca52a89b7a",
              "checksumAlgorithm": "MD5"
            },
            {
              "fileName": "NEON.D10.RMNP.DP1.00006.001.000.050.001.SECPRE_1min.2023-08.basic.20230913T224519Z.csv",
              "downloadFileName": null,
              "uri": "https://data.neonscience.org/api/v0/data/DP1.00006.001/RMNP/2023-08/NEON.D10.RMNP.DP1.00006.001.000.050.001.SECPRE_1min.2023-08.basic.20230913T224519Z.csv",
              "fileSizeBytes": 2723134,
              "checksum": "507920503e7f4e6fd9dc5e4b64b0092e",
              "checksumAlgorithm": "MD5"
            },
            {
              "fileName": "NEON.D10.RMNP.DP1.00006.001.001.000.030.THRPRE_30min.2023-08.basic.20230913T224519Z.csv",
              "downloadFileName": null,
              "uri": "https://data.neonscience.org/api/v0/data/DP1.00006.001/RMNP/2023-08/NEON.D10.RMNP.DP1.00006.001.001.000.030.THRPRE_30min.2023-08.basic.20230913T224519Z.csv",
              "fileSizeBytes": 90859,
              "checksum": "9c0761b1ce28ec3e27db2e1e09065f60",
              "checksumAlgorithm": "MD5"
            },
            {
              "fileName": "NEON.D10.RMNP.DP1.00006.001.000.050.030.SECPRE_30min.2023-08.basic.20230913T224519Z.csv",
              "downloadFileName": null,
              "uri": "https://data.neonscience.org/api/v0/data/DP1.00006.001/RMNP/2023-08/NEON.D10.RMNP.DP1.00006.001.000.050.030.SECPRE_30min.2023-08.basic.20230913T224519Z.csv",
              "fileSizeBytes": 90863,
              "checksum": "258ac46519afae4a914d597bdec3d141",
              "checksumAlgorithm": "MD5"
            },
            {
              "fileName": "NEON.D10.RMNP.DP1.00006.001.sensor_positions.20230913T224519Z.csv",
              "downloadFileName": null,
              "uri": "https://data.neonscience.org/api/v0/data/DP1.00006.001/RMNP/2023-08/NEON.D10.RMNP.DP1.00006.001.sensor_positions.20230913T224519Z.csv",
              "fileSizeBytes": 1558,
              "checksum": "5760873f891277a3a7208ef5adbbc663",
              "checksumAlgorithm": "MD5"
            },
            {
              "fileName": "NEON.D10.RMNP.DP1.00006.001.005.000.001.THRPRE_1min.2023-08.basic.20230913T224519Z.csv",
              "downloadFileName": null,
              "uri": "https://data.neonscience.org/api/v0/data/DP1.00006.001/RMNP/2023-08/NEON.D10.RMNP.DP1.00006.001.005.000.001.THRPRE_1min.2023-08.basic.20230913T224519Z.csv",
              "fileSizeBytes": 2723130,
              "checksum": "ac19d252bdf868875a6efedaf5f2d2a7",
              "checksumAlgorithm": "MD5"
            },
            {
              "fileName": "NEON.D10.RMNP.DP1.00006.001.005.000.030.THRPRE_30min.2023-08.basic.20230913T224519Z.csv",
              "downloadFileName": null,
              "uri": "https://data.neonscience.org/api/v0/data/DP1.00006.001/RMNP/2023-08/NEON.D10.RMNP.DP1.00006.001.005.000.030.THRPRE_30min.2023-08.basic.20230913T224519Z.csv",
              "fileSizeBytes": 90858,
              "checksum": "64fce6becae9db818b68fd283762736f",
              "checksumAlgorithm": "MD5"
            },
            {
              "fileName": "NEON.D10.RMNP.DP1.00006.001.001.000.001.THRPRE_1min.2023-08.basic.20230913T224519Z.csv",
              "downloadFileName": null,
              "uri": "https://data.neonscience.org/api/v0/data/DP1.00006.001/RMNP/2023-08/NEON.D10.RMNP.DP1.00006.001.001.000.001.THRPRE_1min.2023-08.basic.20230913T224519Z.csv",
              "fileSizeBytes": 2723130,
              "checksum": "e5f7a5acd02784e92ce32919064c9df1",
              "checksumAlgorithm": "MD5"
            },
            {
              "fileName": "NEON.D10.RMNP.DP1.00006.001.EML.20230801-20230901.20230913T224519Z.xml",
              "downloadFileName": null,
              "uri": "https://data.neonscience.org/api/v0/data/DP1.00006.001/RMNP/2023-08/NEON.D10.RMNP.DP1.00006.001.EML.20230801-20230901.20230913T224519Z.xml",
              "fileSizeBytes": 77986,
              "checksum": "9431c857c58c57864668532661a12b90",
              "checksumAlgorithm": "MD5"
            },
            {
              "fileName": "NEON.D10.RMNP.DP1.00006.001.readme.20230913T224519Z.txt",
              "downloadFileName": null,
              "uri": "https://data.neonscience.org/api/v0/data/DP1.00006.001/RMNP/2023-08/NEON.D10.RMNP.DP1.00006.001.readme.20230913T224519Z.txt",
              "fileSizeBytes": 94017,
              "checksum": "5647871cc07070a7cc7673ff4af55478",
              "checksumAlgorithm": "MD5"
            },
            {
              "fileName": "NEON.D10.RMNP.DP1.00006.001.002.000.001.THRPRE_1min.2023-08.basic.20230913T224519Z.csv",
              "downloadFileName": null,
              "uri": "https://data.neonscience.org/api/v0/data/DP1.00006.001/RMNP/2023-08/NEON.D10.RMNP.DP1.00006.001.002.000.001.THRPRE_1min.2023-08.basic.20230913T224519Z.csv",
              "fileSizeBytes": 2723130,
              "checksum": "5dc64256998800f143a106720f7c2297",
              "checksumAlgorithm": "MD5"
            },
            {
              "fileName": "NEON.D10.RMNP.DP1.00006.001.003.000.030.THRPRE_30min.2023-08.basic.20230913T224519Z.csv",
              "downloadFileName": null,
              "uri": "https://data.neonscience.org/api/v0/data/DP1.00006.001/RMNP/2023-08/NEON.D10.RMNP.DP1.00006.001.003.000.030.THRPRE_30min.2023-08.basic.20230913T224519Z.csv",
              "fileSizeBytes": 90858,
              "checksum": "83167a03a22e50d2d98740cbf1b65e44",
              "checksumAlgorithm": "MD5"
            }
          ]
        },
        {
          "release": "PROVISIONAL",
          "productCode": "DP1.00006.001",
          "domainCode": "D10",
          "siteCode": "RMNP",
          "month": "2023-09",
          "packageType": "basic",
          "generationDate": "2023-10-02T19:07:44Z",
          "files": [
            {
              "fileName": "NEON.D10.RMNP.DP1.00006.001.002.000.030.THRPRE_30min.2023-09.basic.20231002T190744Z.csv",
              "downloadFileName": null,
              "uri": "https://data.neonscience.org/api/v0/data/DP1.00006.001/RMNP/2023-09/NEON.D10.RMNP.DP1.00006.001.002.000.030.THRPRE_30min.2023-09.basic.20231002T190744Z.csv",
              "fileSizeBytes": 87930,
              "checksum": "9fa3c275391a6930f5a5006e72312889",
              "checksumAlgorithm": "MD5"
            },
            {
              "fileName": "NEON.D10.RMNP.DP1.00006.001.002.000.001.THRPRE_1min.2023-09.basic.20231002T190744Z.csv",
              "downloadFileName": null,
              "uri": "https://data.neonscience.org/api/v0/data/DP1.00006.001/RMNP/2023-09/NEON.D10.RMNP.DP1.00006.001.002.000.001.THRPRE_1min.2023-09.basic.20231002T190744Z.csv",
              "fileSizeBytes": 2635290,
              "checksum": "646f52a2ce036736bb1e017dbb39de4e",
              "checksumAlgorithm": "MD5"
            },
            {
              "fileName": "NEON.D10.RMNP.DP1.00006.001.001.000.001.THRPRE_1min.2023-09.basic.20231002T190744Z.csv",
              "downloadFileName": null,
              "uri": "https://data.neonscience.org/api/v0/data/DP1.00006.001/RMNP/2023-09/NEON.D10.RMNP.DP1.00006.001.001.000.001.THRPRE_1min.2023-09.basic.20231002T190744Z.csv",
              "fileSizeBytes": 2635290,
              "checksum": "0aaee2eff67d2796947e9922cb04c9ce",
              "checksumAlgorithm": "MD5"
            },
            {
              "fileName": "NEON.D10.RMNP.DP1.00006.001.005.000.001.THRPRE_1min.2023-09.basic.20231002T190744Z.csv",
              "downloadFileName": null,
              "uri": "https://data.neonscience.org/api/v0/data/DP1.00006.001/RMNP/2023-09/NEON.D10.RMNP.DP1.00006.001.005.000.001.THRPRE_1min.2023-09.basic.20231002T190744Z.csv",
              "fileSizeBytes": 2635290,
              "checksum": "d989ba116ed4a83620268f161cd436ce",
              "checksumAlgorithm": "MD5"
            },
            {
              "fileName": "NEON.D10.RMNP.DP1.00006.001.005.000.030.THRPRE_30min.2023-09.basic.20231002T190744Z.csv",
              "downloadFileName": null,
              "uri": "https://data.neonscience.org/api/v0/data/DP1.00006.001/RMNP/2023-09/NEON.D10.RMNP.DP1.00006.001.005.000.030.THRPRE_30min.2023-09.basic.20231002T190744Z.csv",
              "fileSizeBytes": 87930,
              "checksum": "483cd6f9890b3c263b93183e53f208d9",
              "checksumAlgorithm": "MD5"
            },
            {
              "fileName": "NEON.D10.RMNP.DP1.00006.001.000.050.030.SECPRE_30min.2023-09.basic.20231002T190744Z.csv",
              "downloadFileName": null,
              "uri": "https://data.neonscience.org/api/v0/data/DP1.00006.001/RMNP/2023-09/NEON.D10.RMNP.DP1.00006.001.000.050.030.SECPRE_30min.2023-09.basic.20231002T190744Z.csv",
              "fileSizeBytes": 87934,
              "checksum": "a0b0e09aa5695ebdd00842cfd0e0609d",
              "checksumAlgorithm": "MD5"
            },
            {
              "fileName": "NEON.D10.RMNP.DP1.00006.001.000.050.001.SECPRE_1min.2023-09.basic.20231002T190744Z.csv",
              "downloadFileName": null,
              "uri": "https://data.neonscience.org/api/v0/data/DP1.00006.001/RMNP/2023-09/NEON.D10.RMNP.DP1.00006.001.000.050.001.SECPRE_1min.2023-09.basic.20231002T190744Z.csv",
              "fileSizeBytes": 2635294,
              "checksum": "f4f8a24df26790b6a23b71fd3379702b",
              "checksumAlgorithm": "MD5"
            },
            {
              "fileName": "NEON.D10.RMNP.DP1.00006.001.readme.20231002T190744Z.txt",
              "downloadFileName": null,
              "uri": "https://data.neonscience.org/api/v0/data/DP1.00006.001/RMNP/2023-09/NEON.D10.RMNP.DP1.00006.001.readme.20231002T190744Z.txt",
              "fileSizeBytes": 94017,
              "checksum": "3b724b49723a1e796cf4c7bf92f066b4",
              "checksumAlgorithm": "MD5"
            },
            {
              "fileName": "NEON.D10.RMNP.DP1.00006.001.003.000.030.THRPRE_30min.2023-09.basic.20231002T190744Z.csv",
              "downloadFileName": null,
              "uri": "https://data.neonscience.org/api/v0/data/DP1.00006.001/RMNP/2023-09/NEON.D10.RMNP.DP1.00006.001.003.000.030.THRPRE_30min.2023-09.basic.20231002T190744Z.csv",
              "fileSizeBytes": 87930,
              "checksum": "1d4cc240971383a86b0b7e7ccc8032b8",
              "checksumAlgorithm": "MD5"
            },
            {
              "fileName": "NEON.D10.RMNP.DP1.00006.001.001.000.030.THRPRE_30min.2023-09.basic.20231002T190744Z.csv",
              "downloadFileName": null,
              "uri": "https://data.neonscience.org/api/v0/data/DP1.00006.001/RMNP/2023-09/NEON.D10.RMNP.DP1.00006.001.001.000.030.THRPRE_30min.2023-09.basic.20231002T190744Z.csv",
              "fileSizeBytes": 87930,
              "checksum": "7e180538f4c8e6067939ae89aeb2d92e",
              "checksumAlgorithm": "MD5"
            },
            {
              "fileName": "NEON.D10.RMNP.DP1.00006.001.EML.20230901-20231001.20231002T190744Z.xml",
              "downloadFileName": null,
              "uri": "https://data.neonscience.org/api/v0/data/DP1.00006.001/RMNP/2023-09/NEON.D10.RMNP.DP1.00006.001.EML.20230901-20231001.20231002T190744Z.xml",
              "fileSizeBytes": 77986,
              "checksum": "fa04f1e47ab9061e233f4b1cbc7786ef",
              "checksumAlgorithm": "MD5"
            },
            {
              "fileName": "NEON.D10.RMNP.DP1.00006.001.variables.20231002T190744Z.csv",
              "downloadFileName": null,
              "uri": "https://data.neonscience.org/api/v0/data/DP1.00006.001/RMNP/2023-09/NEON.D10.RMNP.DP1.00006.001.variables.20231002T190744Z.csv",
              "fileSizeBytes": 21483,
              "checksum": "65b7e45aef824152589fc0ca52a89b7a",
              "checksumAlgorithm": "MD5"
            },
            {
              "fileName": "NEON.D10.RMNP.DP1.00006.001.003.000.001.THRPRE_1min.2023-09.basic.20231002T190744Z.csv",
              "downloadFileName": null,
              "uri": "https://data.neonscience.org/api/v0/data/DP1.00006.001/RMNP/2023-09/NEON.D10.RMNP.DP1.00006.001.003.000.001.THRPRE_1min.2023-09.basic.20231002T190744Z.csv",
              "fileSizeBytes": 2635290,
              "checksum": "19a854a7d606c5e86d2e1a0200b9ee3a",
              "checksumAlgorithm": "MD5"
            },
            {
              "fileName": "NEON.D10.RMNP.DP1.00006.001.sensor_positions.20231002T190744Z.csv",
              "downloadFileName": null,
              "uri": "https://data.neonscience.org/api/v0/data/DP1.00006.001/RMNP/2023-09/NEON.D10.RMNP.DP1.00006.001.sensor_positions.20231002T190744Z.csv",
              "fileSizeBytes": 1558,
              "checksum": "5760873f891277a3a7208ef5adbbc663",
              "checksumAlgorithm": "MD5"
            }
          ]
        }
      ]
    }
  ]
}