{
  "uuid": "b27d6d73-8555-459c-8d2a-c7b3dad27e45",
  "timestamp": "2023-10-07T18:11:38Z",
  "zipFileName": "NEON_size-dust-particulate",
  "mimeType": "application/zip",
  "productCode": "DP1.00017.001",
  "productName": "Dust and particulate size distribution",
  "siteCodes": [
    "RMNP"
  ],
  "startDate": "2023-08-01T00:00:00Z",
  "endDate": "2023-09-30T23:59:59Z",
  "packageType": "basic",
  "documents": [
    {
      "fileName": "NEON.DOC.011081vD.pdf",
      "downloadFileName": null,
      "type": "application/pdf",
      "fileSizeBytes": 488215,
      "description": "NEON Algorithm Theoretical Basis Document (ATBD) –  QA/QC Plausibility Testing",
      "uri": "https://data.neonscience.org/api/v0/documents/NEON.DOC.011081vD"
    },
    {
      "fileName": "NEON.DOC.002675vB.pdf",
      "downloadFileName": null,
      "type": "application/pdf",
      "fileSizeBytes": 472458,
      "description": "NEON Algorithm Theoretical Basis Document (ATBD): Dust and Particulate Size Distribution",
      "uri": "https://data.neonscience.org/api/v0/documents/NEON.DOC.002675vB"
    },
    {
      "fileName": "NEON.DOC.000783vB.pdf",
      "downloadFileName": null,
      "type": "application/pdf",
      "fileSizeBytes": 383792,
      "description": "NEON Algorithm Theoretical Basis Document (ATBD) – Time Series Automatic Despiking for TIS Level 1 Data Products – QA/QC",
      "uri": "https://data.neonscience.org/api/v0/documents/NEON.DOC.000783vB"
    },
    {
      "fileName": "NEON.DOC.001113vC.pdf",
      "downloadFileName": null,
      "type": "application/pdf",
      "fileSizeBytes": 1178860,
      "description": "NEON Algorithm Theoretical Basis Document (ATBD) –Quality Flags and Quality Metrics for TIS Data Products",
      "uri": "https://data.neonscience.org/api/v0/documents/NEON.DOC.001113vC"
    },
    {
      "fileName": "NEON.DOC.000785vB.pdf",
      "downloadFileName": null,
      "type": "application/pdf",
      "fileSizeBytes": 566707,
      "description": "TIS Level 1 Data Products Uncertainty Budget Estimation Plan",
      "uri": "https://data.neonscience.org/api/v0/documents/NEON.DOC.000785vB"
    },
    {
      "fileName": "NEON.DOC.003496vB.pdf",
      "downloadFileName": null,
      "type": "application/pdf",
      "fileSizeBytes": 5477427,
      "description": "NEON Preventive Maintenance Procedure: Particulate Analyzer - Size",
      "uri": "https://data.neonscience.org/api/v0/documents/NEON.DOC.003496vB"
    },
    {
      "fileName": "NEON.QSG.DP1.00017.001v1.pdf",
      "downloadFileName": null,
      "type": "application/pdf",
      "fileSizeBytes": 182108,
      "description": "Quick Start Guide for Dust and particulate size distribution (DP1.00017.001)",
      "uri": "https://data.neonscience.org/api/v0/documents/quick-start-guides/NEON.QSG.DP1.00017.001v1.pdf"
    }
  ],
  "releases": [
    {
      "release": "PROVISIONAL",
      "generationDate": null,
      "packages": [
        {
          "release": "PROVISIONAL",
          "productCode": "DP1.00017.001",
          "domainCode": "D10",
          "siteCode": "RMNP",
          "month": "2023-08",
          "packageType": "basic",
          "generationDate": "2023-09-13T22:47:44Z",
          "files": [
            {
              "fileName": "NEON.D10.RMNP.DP1.00017.001.variables.20230913T224744Z.csv",
              "downloadFileName": null,
              "uri": "https://data.neonscience.org/api/v0/data/DP1.00017.001/RMNP/2023-08/NEON.D10.RMNP.DP1.00017.001.variables.20230913T224744Z.csv",
              "fileSizeBytes": 117302,
              "checksum": "eb1d928ebb41e2cb958aa5c0eeb20e7a",
              "checksumAlgorithm": "MD5"
            },
            {
              "fileName": "NEON.D10.RMNP.DP1.00017.001.000.050.030.dpsd_30_minutes.2023-08.basic.20230913T224744Z.csv",
              "downloadFileName": null,
              "uri": "https://data.neonscience.org/api/v0/data/DP1.00017.001/RMNP/2023-08/NEON.D10.RMNP.DP1.00017.001.000.050.030.dpsd_30_minutes.2023-08.basic.20230913T224744Z.csv",
              "fileSizeBytes": 538986,
              "checksum": "84b2670035cf5c9d8ec3aad0f7f5b4fd",
              "checksumAlgorithm": "MD5"
            },
            {
              "fileName": "NEON.D10.RMNP.DP1.00017.001.000.050.060.dpsd_60_minutes.2023-08.basic.20230913T224744Z.csv",
              "downloadFileName": null,
              "uri": "https://data.neonscience.org/api/v0/data/DP1.00017.001/RMNP/2023-08/NEON.D10.RMNP.DP1.00017.001.000.050.060.dpsd_60_minutes.2023-08.basic.20230913T224744Z.csv",
              "fileSizeBytes": 264692,
              "checksum": "e82ca6907e502b8c95812e511f63599b",
              "checksumAlgorithm": "MD5"
            },
            {
              "fileName": "NEON.D10.RMNP.DP1.00017.001.EML.20230801-20230901.20230913T224744Z.xml",
              "downloadFileName": null,
              "uri": "https://data.neonscience.org/api/v0/data/DP1.00017.001/RMNP/2023-08/NEON.D10.RMNP.DP1.00017.001.EML.20230801-20230901.20230913T224744Z.xml",
              "fileSizeBytes": 121383,
              "checksum": "d9596eb8438a4b0795d3282bcb4a4e0e",
              "checksumAlgorithm": "MD5"
            },
            {
              "fileName": "NEON.D10.RMNP.DP1.00017.001.readme.20230913T224744Z.txt",
              "downloadFileName": null,
              "uri": "https://data.neonscience.org/api/v0/data/DP1.00017.001/RMNP/2023-08/NEON.D10.RMNP.DP1.00017.001.readme.20230913T224744Z.txt",
              "fileSizeBytes": 9830,
              "checksum": "fa48ae877d07d52cea76f9fce949aada",
              "checksumAlgorithm": "MD5"
            },
            {
              "fileName": "NEON.D10.RMNP.DP1.00017.001.sensor_positions.20230913T224744Z.csv",
              "downloadFileName": null,
              "uri": "https://data.neonscience.org/api/v0/data/DP1.00017.001/RMNP/2023-08/NEON.D10.RMNP.DP1.00017.001.sensor_positions.20230913T224744Z.csv",
              "fileSizeBytes": 596,
              "checksum": "280532a132beaf2148c42c7b5b9144a7",
              "checksumAlgorithm": "MD5"
            }
          ]
        },
        {
          "release": "PROVISIONAL",
          "productCode": "DP1.00017.001",
          "domainCode": "D10",
          "siteCode": "RMNP",
          "month": "2023-09",
          "packageType": "basic",
          "generationDate": "2023-10-02T18:21:09Z",
          "files": [
            {
              "fileName": "NEON.D10.RMNP.DP1.00017.001.variables.20231002T182109Z.csv",
              "downloadFileName": null,
              "uri": "https://data.neonscience.org/api/v0/data/DP1.00017.001/RMNP/2023-09/NEON.D10.RMNP.DP1.00017.001.variables.20231002T182109Z.csv",
              "fileSizeBytes": 117302,
              "checksum": "eb1d928ebb41e2cb958aa5c0eeb20e7a",
              "checksumAlgorithm": "MD5"
            },
            {
              "fileName": "NEON.D10.RMNP.DP1.00017.001.000.050.030.dpsd_30_minutes.2023-09.basic.20231002T182109Z.csv",
              "downloadFileName": null,
              "uri": "https://data.neonscience.org/api/v0/data/DP1.00017.001/RMNP/2023-09/NEON.D10.RMNP.DP1.00017.001.000.050.030.dpsd_30_minutes.2023-09.basic.20231002T182109Z.csv",
              "fileSizeBytes": 518536,
              "checksum": "d95776b78399f85c034b1ec80d62bb43",
              "checksumAlgorithm": "MD5"
            },
            {
              "fileName": "NEON.D10.RMNP.DP1.00017.001.000.050.060.dpsd_60_minutes.2023-09.basic.20231002T182109Z.csv",
              "downloadFileName": null,
              "uri": "https://data.neonscience.org/api/v0/data/DP1.00017.001/RMNP/2023-09/NEON.D10.RMNP.DP1.00017.001.000.050.060.dpsd_60_minutes.2023-09.basic.20231002T182109Z.csv",
              "fileSizeBytes": 255274,
              "checksum": "748ec31ebbe3622dbcc33f56be5fbb17",
              "checksumAlgorithm": "MD5"
            },
            {
              "fileName": "NEON.D10.RMNP.DP1.00017.001.sensor_positions.20231002T182109Z.csv",
              "downloadFileName": null,
              "uri": "https://data.neonscience.org/api/v0/data/DP1.00017.001/RMNP/2023-09/NEON.D10.RMNP.DP1.00017.001.sensor_positions.20231002T182109Z.csv",
              "fileSizeBytes": 596,
              "checksum": "280532a132beaf2148c42c7b5b9144a7",
              "checksumAlgorithm": "MD5"
            },
            {
              "fileName": "NEON.D10.RMNP.DP1.00017.001.readme.20231002T182109Z.txt",
              "downloadFileName": null,
              "uri": "https://data.neonscience.org/api/v0/data/DP1.00017.001/RMNP/2023-09/NEON.D10.RMNP.DP1.00017.001.readme.20231002T182109Z.txt",
              "fileSizeBytes": 9830,
              "checksum": "63f7e696fd6dfb0a70b606d741b473b1",
              "checksumAlgorithm": "MD5"
            },
            {
              "fileName": "NEON.D10.RMNP.DP1.00017.001.EML.20230901-20231001.20231002T182109Z.xml",
              "downloadFileName": null,
              "uri": "https://data.neonscience.org/api/v0/data/DP1.00017.001/RMNP/2023-09/NEON.D10.RMNP.DP1.00017.001.EML.20230901-20231001.20231002T182109Z.xml",
              "fileSizeBytes": 121383,
              "checksum": "a79d7aac9b4fcf379b8da9c7899a56cf",
              "checksumAlgorithm": "MD5"
            }
          ]
        }
      ]
    }
  ]
}